path	bytes	sha256
assets/kolmogorov_fwd-cell-04-data.csv	679	2273979db959bcbca5d136e7216b02634e0f19acd9969678e12c965c0b6eb225
assets/kolmogorov_fwd-cell-04-figure-01.png	29581	568f43b6d1855b10f4c74e2ac01d90ee10059393dfd06dd1de286c36d2daa6fe
assets/kolmogorov_fwd-cell-06-data.csv	75302	d7feb060f75d4095e9a9cf6f528afa1eb6b5580c5663d1fb791130ed4b211c97
assets/kolmogorov_fwd-cell-06-figure-01.png	37584	ce3a18cd8ec02d543856a472b518aa7c51b7e7d18b58ef52ecb01adebe8cff6b
assets/kolmogorov_fwd-source-flow.png	104771	54906c3f6f48664960d25ead98af1150014e88367db1d604f6ccc9d01e50564f
lectures/kolmogorov_fwd.html	43174	4a96bc629bdeca09afb44e1264d5e606fb3d440718e8d8384d72e2571e9a643d
MathJax/tex-svg.js	1704911	dba9c7e8646389650c445e0547023942bed229b3fdb9513b1c6c01237af0b81a
notebooks/kolmogorov_fwd-authority.ipynb	27069	cb1dd9963c3985b1e16199c4748b55363a00057dc03d89ad4c613552e174ae52
notebooks/kolmogorov_fwd-executed.ipynb	4071	4482f87700664fd8f352797630077a4f6a4a0f72332343a0a7b1b51fb6b55d9c
reader.css	3366	820f354bd797c5b5cb0e34248bc82c9b835e0fafb66fed75145f7c8180fa997c
source-kolmogorov_fwd.md	22210	19abc4dc6ef33c45917684bd487ffa367e36d929b3190960f96d7a7602cb6098
