path,url,final_url,role,bytes,sha256,content_type,last_modified,etag
apps/Apps.js,https://www.randomservices.org/random/apps/Apps.js,https://www.randomservices.org/random/apps/Apps.js,direct_asset,48270,a983fd231b3e5924ca46a80ef25ad614d84c70f5da933f90c698bd342ddf9d22,application/x-javascript,"Fri, 13 Mar 2026 16:28:38 GMT","""bc8e-69b43b36-316e0d2d46bb0303;;;"""
apps/Distributions.js,https://www.randomservices.org/random/apps/Distributions.js,https://www.randomservices.org/random/apps/Distributions.js,direct_asset,65319,bcf0e7266ff22890e23e577bdb37328233c1df9410ac2dc77a4075f0a3beeb0a,application/x-javascript,"Fri, 13 Mar 2026 16:28:38 GMT","""ff27-69b43b36-46e91f90f73dcda5;;;"""
Basic.js,https://www.randomservices.org/random/Basic.js,https://www.randomservices.org/random/Basic.js,direct_asset,935,006372877a2b384e20c3e1a364ddde4791890ad02020f654c22372206891b00b,application/x-javascript,"Fri, 13 Mar 2026 16:27:20 GMT","""3a7-69b43ae8-72b07f6b8ff60c95;;;"""
brown/Bridge.html,https://www.randomservices.org/random/brown/Bridge.html,https://www.randomservices.org/random/brown/Bridge.html,theory_html,21051,62e8b18c32f191f801e4cb9be3ee0db3fb658329d937b0807c6d8b8d7b37410e,text/html,"Fri, 13 Mar 2026 16:31:08 GMT","""523b-69b43bcc-a0f5de7e638f052c;;;"""
brown/Drift.html,https://www.randomservices.org/random/brown/Drift.html,https://www.randomservices.org/random/brown/Drift.html,theory_html,16019,f1603646520d3c83fa986e6b0be7bcac6862d7443e57d0a28264534da3dc70d5,text/html,"Fri, 13 Mar 2026 16:31:08 GMT","""3e93-69b43bcc-452de288e3f3086d;;;"""
brown/Geometric.html,https://www.randomservices.org/random/brown/Geometric.html,https://www.randomservices.org/random/brown/Geometric.html,theory_html,13692,4a6c1fa4c4d1cd7d646f700d438201af2b75fead1f094ecb4720d2831343f6ce,text/html,"Fri, 13 Mar 2026 16:31:08 GMT","""357c-69b43bcc-58893fdd8ce375e8;;;"""
brown/index.html,https://www.randomservices.org/random/brown/index.html,https://www.randomservices.org/random/brown/index.html,theory_html,8233,c471c5a1b2bd85731eded48e1ba7a0337c1b752b56fcadde87e213eacf2a7b4a,text/html,"Fri, 13 Mar 2026 16:31:08 GMT","""2029-69b43bcc-6fded40d93674379;;;"""
brown/Standard.html,https://www.randomservices.org/random/brown/Standard.html,https://www.randomservices.org/random/brown/Standard.html,theory_html,55842,442b4dacc55ce0ffc49fff5093ee2ad5adb75d337d45908e5e0df1448d84ebd8,text/html,"Fri, 13 Mar 2026 16:31:08 GMT","""da22-69b43bcc-c393df9c353000bd;;;"""
Credits.html,https://www.randomservices.org/random/Credits.html,https://www.randomservices.org/random/Credits.html,authority_html,6467,2d28d0293b41b71d08a531d37399205f657fbed77592c8f7acd54bf2a54113bf,text/html,"Fri, 13 Mar 2026 20:03:52 GMT","""1943-69b46da8-7813466702ad358;;;"""
dist/Convergence.html,https://www.randomservices.org/random/dist/Convergence.html,https://www.randomservices.org/random/dist/Convergence.html,theory_html,63759,dc6a536ca3359f3952e1ae487a445377de1c1e73491bb56f3baa8862630dcc3d,text/html,"Fri, 13 Mar 2026 16:34:03 GMT","""f90f-69b43c7b-3a5dbd399529fcb9;;;"""
expect/Conditional2.html,https://www.randomservices.org/random/expect/Conditional2.html,https://www.randomservices.org/random/expect/Conditional2.html,theory_html,47916,98307993d76941808cc87b7d28dfd8b2e24325913471b07c3a350a52a54c87c2,text/html,"Fri, 13 Mar 2026 16:34:27 GMT","""bb2c-69b43c93-4fce3e2a439d0918;;;"""
expect/ConvexFunction.png,https://www.randomservices.org/random/expect/ConvexFunction.png,https://www.randomservices.org/random/expect/ConvexFunction.png,direct_asset,2861,0849bd7b68a2e0f3c34a990b568eb9f778d39e5293798ebbe9327c1b464ee84d,image/png,"Fri, 13 Mar 2026 16:34:27 GMT","""b2d-69b43c93-92666f7d544bfd8;;;"""
expect/Kernels.html,https://www.randomservices.org/random/expect/Kernels.html,https://www.randomservices.org/random/expect/Kernels.html,theory_html,53030,9dd2a5474f284fcb11c9e9f9e81099a1c4fe1708094bfcd64b08ccb9f82c5b8d,text/html,"Fri, 13 Mar 2026 16:34:27 GMT","""cf26-69b43c93-e438ee3acfb4047e;;;"""
expect/Uniform.html,https://www.randomservices.org/random/expect/Uniform.html,https://www.randomservices.org/random/expect/Uniform.html,theory_html,24662,66f610030094a063be69408d3112c74353941849fe36353f4c5365380f03df2d,text/html,"Fri, 13 Mar 2026 16:34:27 GMT","""6056-69b43c93-1b775ef4482af76b;;;"""
icons/DieBlue5.svg,https://www.randomservices.org/random/icons/DieBlue5.svg,https://www.randomservices.org/random/icons/DieBlue5.svg,direct_asset,396,10a43a1d654a084d696913ead5d746d85bd6fec19e5f9e61db0b44a72ad4d27e,image/svg+xml,"Fri, 13 Mar 2026 16:36:27 GMT","""18c-69b43d0b-8e7d5ed98054a28e;;;"""
icons/DieGreen5.svg,https://www.randomservices.org/random/icons/DieGreen5.svg,https://www.randomservices.org/random/icons/DieGreen5.svg,direct_asset,375,a7b7c27d57699c441ffbfd1748ef3feb946418b7e8fd862a5f6e151f0981a374,image/svg+xml,"Fri, 13 Mar 2026 16:36:27 GMT","""177-69b43d0b-c31e2f8893038dfa;;;"""
icons/DieRed5.svg,https://www.randomservices.org/random/icons/DieRed5.svg,https://www.randomservices.org/random/icons/DieRed5.svg,direct_asset,395,f2c0603e9ebc5e0c971811cdfccb790c6e8bb9742757929024fd078031587358,image/svg+xml,"Fri, 13 Mar 2026 16:36:27 GMT","""18b-69b43d0b-9d941cc9b1dd787a;;;"""
icons/Icon.png,https://www.randomservices.org/random/icons/Icon.png,https://www.randomservices.org/random/icons/Icon.png,direct_asset,908,b55639f5ae9cb662948cf333126ce96555ad92e3d860d9905f626e055d4a9997,image/png,"Fri, 13 Mar 2026 16:36:27 GMT","""38c-69b43d0b-4a45be57d94030f1;;;"""
icons/Icon.svg,https://www.randomservices.org/random/icons/Icon.svg,https://www.randomservices.org/random/icons/Icon.svg,direct_asset,373,09ccb2c9f9c50cd4d7a1c867fa112534afa56a12ef0f8a96a0d682ec6b8a9d8b,image/svg+xml,"Fri, 13 Mar 2026 16:36:27 GMT","""175-69b43d0b-ef7e72258da55a39;;;"""
icons/Minus.svg,https://www.randomservices.org/random/icons/Minus.svg,https://www.randomservices.org/random/icons/Minus.svg,direct_asset,223,a55a72ce346d0fe73318fecfa994c7fda8766694a448c3b968122df7a916d7fc,image/svg+xml,"Fri, 13 Mar 2026 16:36:27 GMT","""df-69b43d0b-4ed37e25e0370a27;;;"""
icons/Plus.svg,https://www.randomservices.org/random/icons/Plus.svg,https://www.randomservices.org/random/icons/Plus.svg,direct_asset,291,1bd78cdc7997d6237bc809cef5f36e074c551ec3224b226c38735be898bc439a,image/svg+xml,"Fri, 13 Mar 2026 16:36:27 GMT","""123-69b43d0b-847e4398f23a9eee;;;"""
icons/Reset.svg,https://www.randomservices.org/random/icons/Reset.svg,https://www.randomservices.org/random/icons/Reset.svg,direct_asset,297,1aad695720b25d02c03cc76f686e8d58ccbcaf424b19dfc57b58008802583292,image/svg+xml,"Fri, 13 Mar 2026 16:36:27 GMT","""129-69b43d0b-2c4b40bf50b4c2cf;;;"""
icons/Run.svg,https://www.randomservices.org/random/icons/Run.svg,https://www.randomservices.org/random/icons/Run.svg,direct_asset,177,75d0cdf139f0d01390440c9f655a8183c95d2da709ec67e39e9fc8863192795d,image/svg+xml,"Fri, 13 Mar 2026 16:36:27 GMT","""b1-69b43d0b-fe3105b74b572a76;;;"""
icons/Step.svg,https://www.randomservices.org/random/icons/Step.svg,https://www.randomservices.org/random/icons/Step.svg,direct_asset,123,2fd15de2c1c6c7344adb513b3f1a47319749c7b3bda3251da0f49aa334bf7c05,image/svg+xml,"Fri, 13 Mar 2026 16:36:27 GMT","""7b-69b43d0b-42fe3ab6784537b8;;;"""
icons/Stop.svg,https://www.randomservices.org/random/icons/Stop.svg,https://www.randomservices.org/random/icons/Stop.svg,direct_asset,131,54bf3c5fd23ccf5dd602750aaf09c42ca6d4b1b10b8333e54bc580580f06686e,image/svg+xml,"Fri, 13 Mar 2026 16:36:27 GMT","""83-69b43d0b-c3a5762ce5721292;;;"""
index.html,https://www.randomservices.org/random/,https://www.randomservices.org/random/,authority_html,22462,a26f07b700c9de8c7ce83e5a2f38e1e676ed5b085fec8c4a52bb44abefaa8ba8,text/html,"Fri, 13 Mar 2026 16:27:20 GMT","""57be-69b43ae8-897d0fc6cf830c74;;;"""
Introduction.html,https://www.randomservices.org/random/Introduction.html,https://www.randomservices.org/random/Introduction.html,authority_html,6699,baee5201aa363ac5658454213463eb6271bea64dd5821adf9a0ce07dca3446eb,text/html,"Fri, 13 Mar 2026 16:27:20 GMT","""1a2b-69b43ae8-f289059165899bb;;;"""
markov/Classes.png,https://www.randomservices.org/random/markov/Classes.png,https://www.randomservices.org/random/markov/Classes.png,direct_asset,2985,132c391c626a47f391633e765812e063498208e3df60ac18a48bae109377140c,image/png,"Fri, 13 Mar 2026 16:37:21 GMT","""ba9-69b43d41-15ffefa21a331308;;;"""
markov/Continuous.html,https://www.randomservices.org/random/markov/Continuous.html,https://www.randomservices.org/random/markov/Continuous.html,theory_html,54420,f029cc09fc4c7f8da613d3e1df25856621b38666efc34839d6c1143e26dad081,text/html,"Fri, 13 Mar 2026 16:37:19 GMT","""d494-69b43d3f-ae6f49d52918a55f;;;"""
markov/CyclicClasses.png,https://www.randomservices.org/random/markov/CyclicClasses.png,https://www.randomservices.org/random/markov/CyclicClasses.png,direct_asset,3849,8a605c51ae08099741e010d33008d69677d630178b12a2f8d803f4a608f05bbe,image/png,"Fri, 13 Mar 2026 16:37:20 GMT","""f09-69b43d40-4fb16f9ee468493b;;;"""
markov/Discrete.html,https://www.randomservices.org/random/markov/Discrete.html,https://www.randomservices.org/random/markov/Discrete.html,theory_html,55099,808118b103e17cd5e31115b953663b0d8ff94da21f432e6fe7c104e9300380f0,text/html,"Fri, 13 Mar 2026 16:37:20 GMT","""d73b-69b43d40-208c4a2b7217abbe;;;"""
markov/General.html,https://www.randomservices.org/random/markov/General.html,https://www.randomservices.org/random/markov/General.html,theory_html,74595,69b4f54fd8c976d8a7093b3bfb9e0b3e836aa60794d1ad262e55c9b4b27f043c,text/html,"Fri, 13 Mar 2026 16:37:20 GMT","""12363-69b43d40-5151c67e14e726b8;;;"""
markov/index.html,https://www.randomservices.org/random/markov/index.html,https://www.randomservices.org/random/markov/index.html,theory_html,9248,18dfcf15b97a2af7d90404e879376234865bfb40985deb4d6e50b9778f5f7660,text/html,"Fri, 13 Mar 2026 16:37:20 GMT","""2420-69b43d40-1a499aa62fd2db9;;;"""
markov/Limiting.html,https://www.randomservices.org/random/markov/Limiting.html,https://www.randomservices.org/random/markov/Limiting.html,theory_html,50069,d4719c5e1cb9ad3be4fbf84c8dd849390f7d1ad15ced112f6312be83e5545680,text/html,"Fri, 13 Mar 2026 16:37:21 GMT","""c395-69b43d41-1c610c04499f6a88;;;"""
markov/Limiting2.html,https://www.randomservices.org/random/markov/Limiting2.html,https://www.randomservices.org/random/markov/Limiting2.html,theory_html,52359,d6193fa568e2355c20a902514ff87ace0bc20e43f2440e7b87e0c50e9725a699,text/html,"Fri, 13 Mar 2026 16:37:20 GMT","""cc87-69b43d40-81e1fb80777f696f;;;"""
markov/Partition.png,https://www.randomservices.org/random/markov/Partition.png,https://www.randomservices.org/random/markov/Partition.png,direct_asset,2643,817c5c94e0ec7c6bd3325177bcd415637f91bfd3dc7ef01aa05230a76aaac79b,image/png,"Fri, 13 Mar 2026 16:37:20 GMT","""a53-69b43d40-870b27171b034dfd;;;"""
markov/Periodicity.html,https://www.randomservices.org/random/markov/Periodicity.html,https://www.randomservices.org/random/markov/Periodicity.html,theory_html,17457,6311c165cff1538b2b8da7ff2f5b6d243b86cb6f1e7cb423a2712c3a7689f9b3,text/html,"Fri, 13 Mar 2026 16:37:19 GMT","""4431-69b43d3f-bba785a050f5170b;;;"""
markov/Potentials.html,https://www.randomservices.org/random/markov/Potentials.html,https://www.randomservices.org/random/markov/Potentials.html,theory_html,56563,d088101151a0becb1ff9467dd02b859e92da49cea527723d83daf22a516a9d76,text/html,"Fri, 13 Mar 2026 16:37:21 GMT","""dcf3-69b43d41-3f6a70ad9e2c8b49;;;"""
markov/Potentials2.html,https://www.randomservices.org/random/markov/Potentials2.html,https://www.randomservices.org/random/markov/Potentials2.html,theory_html,34839,006adee98b697799ebf3d02bb0a54e06b2ff405a6e01700c8f0e8eecbd5a4d26,text/html,"Fri, 13 Mar 2026 16:37:20 GMT","""8817-69b43d40-1c9eac82ddb95ec3;;;"""
markov/Recurrence.html,https://www.randomservices.org/random/markov/Recurrence.html,https://www.randomservices.org/random/markov/Recurrence.html,theory_html,51381,24edb8bd0237b0e3abd7beeae48596f35421c9aa35653c6845cfaebb223c5535,text/html,"Fri, 13 Mar 2026 16:37:20 GMT","""c8b5-69b43d40-6627022e2d7bbc0a;;;"""
markov/State1.png,https://www.randomservices.org/random/markov/State1.png,https://www.randomservices.org/random/markov/State1.png,direct_asset,1258,2b15a4583a73cd0fdc21281253981951768132e2a2d9b6003a762c2b18eea631,image/png,"Fri, 13 Mar 2026 16:37:20 GMT","""4ea-69b43d40-1d7ac99eeeca1b5c;;;"""
markov/State2.png,https://www.randomservices.org/random/markov/State2.png,https://www.randomservices.org/random/markov/State2.png,direct_asset,1765,5c191a676c374c560803f0c52a1e407a749a3e53ba7d86c38ddcf4d9bf493cfa,image/png,"Fri, 13 Mar 2026 16:37:20 GMT","""6e5-69b43d40-bbdb1e0007a3b5cc;;;"""
markov/State3.png,https://www.randomservices.org/random/markov/State3.png,https://www.randomservices.org/random/markov/State3.png,direct_asset,1678,3110d567b00668ea38d30e1186c6fd495efb40936c3ceb5845fe0ae49a803546,image/png,"Fri, 13 Mar 2026 16:37:19 GMT","""68e-69b43d3f-15f8b3d8e690cdee;;;"""
markov/State4.png,https://www.randomservices.org/random/markov/State4.png,https://www.randomservices.org/random/markov/State4.png,direct_asset,2121,fd8cdf778a760425393840d8e2730c7a4feea37ed4b23332baf2cb55481af8e7,image/png,"Fri, 13 Mar 2026 16:37:20 GMT","""849-69b43d40-d8e985bb959a04a5;;;"""
markov/Transition.html,https://www.randomservices.org/random/markov/Transition.html,https://www.randomservices.org/random/markov/Transition.html,theory_html,41503,5c059429b24a6c2c05ff35d4e72c1eb7153e9b5e3cc93e68bdf191309cbf9597,text/html,"Fri, 13 Mar 2026 16:37:20 GMT","""a21f-69b43d40-fde1bc3b14f999ce;;;"""
markov/Visits.png,https://www.randomservices.org/random/markov/Visits.png,https://www.randomservices.org/random/markov/Visits.png,direct_asset,1953,0ed3aadd2499da4f5c951e6542c5750473d228e0794f3e5f5c8a5044f59b5e93,image/png,"Fri, 13 Mar 2026 16:37:20 GMT","""7a1-69b43d40-a726665fc303d79d;;;"""
martingales/Backwards.html,https://www.randomservices.org/random/martingales/Backwards.html,https://www.randomservices.org/random/martingales/Backwards.html,theory_html,31248,adae3d5409d9f698129b8b21dfe9f1cd8d3045e2bd3f79e42cbc70751b7b28ba,text/html,"Fri, 13 Mar 2026 16:37:57 GMT","""7a10-69b43d65-5c10eebdf01d61f5;;;"""
martingales/Convergence.html,https://www.randomservices.org/random/martingales/Convergence.html,https://www.randomservices.org/random/martingales/Convergence.html,theory_html,44951,c5ef4134737d39992647bc1bf7ab4c9b16814f11450e53e7f54642ec64bdea0f,text/html,"Fri, 13 Mar 2026 16:37:57 GMT","""af97-69b43d65-dd653b72090c5e55;;;"""
martingales/ConvexFunction.png,https://www.randomservices.org/random/martingales/ConvexFunction.png,https://www.randomservices.org/random/martingales/ConvexFunction.png,direct_asset,2861,0849bd7b68a2e0f3c34a990b568eb9f778d39e5293798ebbe9327c1b464ee84d,image/png,"Fri, 13 Mar 2026 16:37:57 GMT","""b2d-69b43d65-712cc4f40256e5e1;;;"""
martingales/index.html,https://www.randomservices.org/random/martingales/index.html,https://www.randomservices.org/random/martingales/index.html,theory_html,6830,92b98c9e04ad843647041974d54ba6557aedf51d393ff540af4f27a868aa791e,text/html,"Fri, 13 Mar 2026 16:37:57 GMT","""1aae-69b43d65-f156d03da52144fe;;;"""
martingales/Inequalities.html,https://www.randomservices.org/random/martingales/Inequalities.html,https://www.randomservices.org/random/martingales/Inequalities.html,theory_html,38731,9e03259e83a9e8ac67c9a43a2df1aa8a85d65944f86b82653e46869f4ab451f3,text/html,"Fri, 13 Mar 2026 16:37:57 GMT","""974b-69b43d65-ce0b04e585874d81;;;"""
martingales/Introduction.html,https://www.randomservices.org/random/martingales/Introduction.html,https://www.randomservices.org/random/martingales/Introduction.html,theory_html,59687,ff102fd4f54926d89c47b92885176e587f342378e442f1f38e4a69199a02375a,text/html,"Fri, 13 Mar 2026 16:37:57 GMT","""e927-69b43d65-7583c78a03f80f91;;;"""
martingales/Martingale.png,https://www.randomservices.org/random/martingales/Martingale.png,https://www.randomservices.org/random/martingales/Martingale.png,direct_asset,67648,c7b5939b84f2a18776fc684f9b413a26fec315a684e35c7986c73a0efbb6cf4b,image/png,"Fri, 13 Mar 2026 16:37:57 GMT","""10840-69b43d65-e60a7bd6ec8ed76f;;;"""
martingales/PositivePart.png,https://www.randomservices.org/random/martingales/PositivePart.png,https://www.randomservices.org/random/martingales/PositivePart.png,direct_asset,6483,44f6d78041b2d1959a9887395c84bdd1064097894145bfa7225c50776ad56b14,image/png,"Fri, 13 Mar 2026 16:37:57 GMT","""1953-69b43d65-e3584b6ea7a56fa3;;;"""
martingales/Powers.png,https://www.randomservices.org/random/martingales/Powers.png,https://www.randomservices.org/random/martingales/Powers.png,direct_asset,14675,67ec6db3d3a459d051b4c24d1d2fbd9122086c6b8c58eddb0063a655786431fc,image/png,"Fri, 13 Mar 2026 16:37:57 GMT","""3953-69b43d65-b6e51d1d35820042;;;"""
martingales/Properties.html,https://www.randomservices.org/random/martingales/Properties.html,https://www.randomservices.org/random/martingales/Properties.html,theory_html,37473,0f8bc07eb5eda38e8d4f78e94ba71a7dae8e9b788278f9b6ed250b0f66dc3850,text/html,"Fri, 13 Mar 2026 16:37:57 GMT","""9261-69b43d65-651a33bd89c098d;;;"""
martingales/Stop.html,https://www.randomservices.org/random/martingales/Stop.html,https://www.randomservices.org/random/martingales/Stop.html,theory_html,43887,8d4c674bec0d19a253405dfe8c06e4b4062d6ef82330f945d50e2c494955a5af,text/html,"Fri, 13 Mar 2026 16:37:57 GMT","""ab6f-69b43d65-83dccfc118d6fbd5;;;"""
poisson/Compound.html,https://www.randomservices.org/random/poisson/Compound.html,https://www.randomservices.org/random/poisson/Compound.html,theory_html,18121,6c5a27a1dc417fbb651a6271f8bb72c6e6f9790ae3c59c781f8f51c29961afd6,text/html,"Fri, 13 Mar 2026 16:38:50 GMT","""46c9-69b43d9a-bd7ece31a01b507e;;;"""
poisson/Exponential.html,https://www.randomservices.org/random/poisson/Exponential.html,https://www.randomservices.org/random/poisson/Exponential.html,theory_html,48447,db0eebaa01377dfc5e07ca838f9ae6c3b06b9653e6d10032de301cb07c4aad63,text/html,"Fri, 13 Mar 2026 16:38:50 GMT","""bd3f-69b43d9a-621b206676791eaf;;;"""
poisson/Gamma.html,https://www.randomservices.org/random/poisson/Gamma.html,https://www.randomservices.org/random/poisson/Gamma.html,theory_html,28609,bbea5da3e0577d07d2670905b5727657c25b044f8382e17cee3bdfdd723bbe16,text/html,"Fri, 13 Mar 2026 16:38:50 GMT","""6fc1-69b43d9a-66a6304b02d356f3;;;"""
poisson/General.html,https://www.randomservices.org/random/poisson/General.html,https://www.randomservices.org/random/poisson/General.html,theory_html,23847,cdc957a1fb433c343ee4654af5350259baf15fcc37acbb4acf2c5a50077b6567,text/html,"Fri, 13 Mar 2026 16:38:50 GMT","""5d27-69b43d9a-78db1bcf6a676772;;;"""
poisson/index.html,https://www.randomservices.org/random/poisson/index.html,https://www.randomservices.org/random/poisson/index.html,theory_html,7715,bd6cc3e819f979b998348f831d883b906b26cef5f795b022b354a93f6384758d,text/html,"Fri, 13 Mar 2026 16:38:50 GMT","""1e23-69b43d9a-9becc3285d2a2e6f;;;"""
poisson/Introduction.html,https://www.randomservices.org/random/poisson/Introduction.html,https://www.randomservices.org/random/poisson/Introduction.html,theory_html,13685,7a4c43eb9386b17752c17d239847db0fbd50dd9a72f3017bf28f7e335fee13ae,text/html,"Fri, 13 Mar 2026 16:38:50 GMT","""3575-69b43d9a-776687b0788a3adb;;;"""
poisson/Nonhomogeneous.html,https://www.randomservices.org/random/poisson/Nonhomogeneous.html,https://www.randomservices.org/random/poisson/Nonhomogeneous.html,theory_html,16884,ab27d84736959d91325dc48823d4e0df83bead12355c73830a28dc427de16aaf,text/html,"Fri, 13 Mar 2026 16:38:50 GMT","""41f4-69b43d9a-f046c8590cc710dc;;;"""
poisson/Poisson.html,https://www.randomservices.org/random/poisson/Poisson.html,https://www.randomservices.org/random/poisson/Poisson.html,theory_html,47280,cf3d0aacfdb40291bb729d32f6f7692b39e4c4a13a1e09f86ef8826bef61f688,text/html,"Fri, 13 Mar 2026 16:38:50 GMT","""b8b0-69b43d9a-bd1d8d638e95b2e6;;;"""
poisson/Splitting.html,https://www.randomservices.org/random/poisson/Splitting.html,https://www.randomservices.org/random/poisson/Splitting.html,theory_html,19942,e07aab3aa8206236541466f57719dcdce9fdf7f1f21a9dd5357d89034cf623ba,text/html,"Fri, 13 Mar 2026 16:38:50 GMT","""4de6-69b43d9a-c6084246c0789ad;;;"""
prob/Convergence.html,https://www.randomservices.org/random/prob/Convergence.html,https://www.randomservices.org/random/prob/Convergence.html,theory_html,39189,749de69aba8c7b54e5944ddbe4b342fec8695b32ff46e34409f7b6040241e34f,text/html,"Fri, 13 Mar 2026 16:39:13 GMT","""9915-69b43db1-83067ab641eeb8aa;;;"""
prob/Decreasing.png,https://www.randomservices.org/random/prob/Decreasing.png,https://www.randomservices.org/random/prob/Decreasing.png,direct_asset,3050,486c8c036cd986b3749fe41af1ab088dd84f5c84320110a351dce67d46ac2128,image/png,"Fri, 13 Mar 2026 16:39:13 GMT","""bea-69b43db1-1d5fc15521907b1e;;;"""
prob/Increasing1.png,https://www.randomservices.org/random/prob/Increasing1.png,https://www.randomservices.org/random/prob/Increasing1.png,direct_asset,3130,eded702a7d3c6297b74d812b0c6b677b73998e275011ff8469d6a7d5f22667c1,image/png,"Fri, 13 Mar 2026 16:39:13 GMT","""c3a-69b43db1-818972e8111f946f;;;"""
prob/Increasing2.png,https://www.randomservices.org/random/prob/Increasing2.png,https://www.randomservices.org/random/prob/Increasing2.png,direct_asset,3233,bce87b73ad2a038cce3d6e75fda861151e242c6ea17eac7a5de9ce6813a0b217,image/png,"Fri, 13 Mar 2026 16:39:12 GMT","""ca1-69b43db0-481d43dfa8367103;;;"""
prob/InverseImage.png,https://www.randomservices.org/random/prob/InverseImage.png,https://www.randomservices.org/random/prob/InverseImage.png,direct_asset,2670,b63f218fde3a0af90f9f5a251cf20ea08faaabd410810616e234770239cc68f0,image/png,"Fri, 13 Mar 2026 16:39:13 GMT","""a6e-69b43db1-d46f4ff5a2a8dbf7;;;"""
prob/Probability2.html,https://www.randomservices.org/random/prob/Probability2.html,https://www.randomservices.org/random/prob/Probability2.html,theory_html,50762,ba442c5fac2cb1608965f974b3f346cec9515e894428accb83521465492b2d10,text/html,"Fri, 13 Mar 2026 16:39:12 GMT","""c64a-69b43db0-7c02ee13e9754d5a;;;"""
prob/Processes.html,https://www.randomservices.org/random/prob/Processes.html,https://www.randomservices.org/random/prob/Processes.html,theory_html,33179,d4a65b124face6115950e212af2acb5dccf33e1065c77fb3d6aecb727d39e6bc,text/html,"Fri, 13 Mar 2026 16:39:13 GMT","""819b-69b43db1-aaa38caeced1ff;;;"""
prob/Stop.html,https://www.randomservices.org/random/prob/Stop.html,https://www.randomservices.org/random/prob/Stop.html,theory_html,60922,9d26e78a8ee2a5a14ade3708838298ef0ba51cf9cd9658602a4f26e73b68524d,text/html,"Fri, 13 Mar 2026 16:39:13 GMT","""edfa-69b43db1-adb64f18b2b2b443;;;"""
renewal/Age1.png,https://www.randomservices.org/random/renewal/Age1.png,https://www.randomservices.org/random/renewal/Age1.png,direct_asset,1836,a48af00335d8e24a3bad2f181a088fb21ec75f8cf9422e6e261bbbdc7bfdc521,image/png,"Fri, 13 Mar 2026 16:39:39 GMT","""72c-69b43dcb-30345b8173f6bfe3;;;"""
renewal/Age2.png,https://www.randomservices.org/random/renewal/Age2.png,https://www.randomservices.org/random/renewal/Age2.png,direct_asset,1524,26729407a9525d1c80e20a3a02a3e770a25669237590091f29cf3ed89b123597,image/png,"Fri, 13 Mar 2026 16:39:39 GMT","""5f4-69b43dcb-d5028b5b5927dccf;;;"""
renewal/Age3.png,https://www.randomservices.org/random/renewal/Age3.png,https://www.randomservices.org/random/renewal/Age3.png,direct_asset,1500,018794c7171b49b4fdfda1c6c8d750da767f8bfb880b8e0eb729148456cdd402,image/png,"Fri, 13 Mar 2026 16:39:39 GMT","""5dc-69b43dcb-8874f26f4f859753;;;"""
renewal/Alternating.html,https://www.randomservices.org/random/renewal/Alternating.html,https://www.randomservices.org/random/renewal/Alternating.html,theory_html,14113,7e39a22d23010071ffdac68b4d1417dc59a5f5f6fbac3afd671960cb3561b807,text/html,"Fri, 13 Mar 2026 16:39:39 GMT","""3721-69b43dcb-f3385236ee387ffb;;;"""
renewal/Cost1.png,https://www.randomservices.org/random/renewal/Cost1.png,https://www.randomservices.org/random/renewal/Cost1.png,direct_asset,7568,663a65587b96d0f1af38a5a93256dd1bd948761a8d0846d3d498c1cc0438e82d,image/png,"Fri, 13 Mar 2026 16:39:39 GMT","""1d90-69b43dcb-72f82df9e8258cd1;;;"""
renewal/Cost2.png,https://www.randomservices.org/random/renewal/Cost2.png,https://www.randomservices.org/random/renewal/Cost2.png,direct_asset,8325,38c1d39f0342c98208006171f2c04cbbdd2dcf94ccd62961bb1bcb37f4a07ade,image/png,"Fri, 13 Mar 2026 16:39:39 GMT","""2085-69b43dcb-4fa91fc47ae5cb89;;;"""
renewal/Cumulative.png,https://www.randomservices.org/random/renewal/Cumulative.png,https://www.randomservices.org/random/renewal/Cumulative.png,direct_asset,1553,584cdf1cf2a73bc099fdaaf7c522063ab6ea2a1f2165ba42d5d966989bf5d3c1,image/png,"Fri, 13 Mar 2026 16:39:39 GMT","""611-69b43dcb-cfd578c37ddc105e;;;"""
renewal/Delayed.html,https://www.randomservices.org/random/renewal/Delayed.html,https://www.randomservices.org/random/renewal/Delayed.html,theory_html,24178,fbc79a030c0f0f0a657906c89e806152419aa360035882193da0c1ed41c75a2a,text/html,"Fri, 13 Mar 2026 16:39:39 GMT","""5e72-69b43dcb-d6e66c68cfc222ea;;;"""
renewal/Equations.html,https://www.randomservices.org/random/renewal/Equations.html,https://www.randomservices.org/random/renewal/Equations.html,theory_html,50327,d3661efb6e88b1c89ab205c5f12cdaf588869de07bbd2e448de8bfa932b20ddf,text/html,"Fri, 13 Mar 2026 16:39:39 GMT","""c497-69b43dcb-f41ec30b09bf25dd;;;"""
renewal/Gamma.png,https://www.randomservices.org/random/renewal/Gamma.png,https://www.randomservices.org/random/renewal/Gamma.png,direct_asset,7320,dc737c7dd54622439b902b26eea116794179cae9ada6d4a327094829b449de8f,image/png,"Fri, 13 Mar 2026 16:39:39 GMT","""1c98-69b43dcb-579e2da99f125657;;;"""
renewal/index.html,https://www.randomservices.org/random/renewal/index.html,https://www.randomservices.org/random/renewal/index.html,theory_html,8331,75df8df935af90190246cf6866dcd8a9213c39730100cdec6a7ac8fea4289dd6,text/html,"Fri, 13 Mar 2026 16:39:39 GMT","""208b-69b43dcb-fe0dd4a09929b458;;;"""
renewal/Introduction.html,https://www.randomservices.org/random/renewal/Introduction.html,https://www.randomservices.org/random/renewal/Introduction.html,theory_html,38261,83d6b24965c80b63ab2856e7957be760d362ca9aa4666ffb1e3138cedc81c59d,text/html,"Fri, 13 Mar 2026 16:39:39 GMT","""9575-69b43dcb-726b72a933fa1310;;;"""
renewal/LimitTheorems.html,https://www.randomservices.org/random/renewal/LimitTheorems.html,https://www.randomservices.org/random/renewal/LimitTheorems.html,theory_html,25987,2e99407b6dfcb6818154ba951bf76804ea78e223b5b916c8e83685b9d7fbba6c,text/html,"Fri, 13 Mar 2026 16:39:39 GMT","""6583-69b43dcb-2643df01db34b2fa;;;"""
renewal/Renewal1.png,https://www.randomservices.org/random/renewal/Renewal1.png,https://www.randomservices.org/random/renewal/Renewal1.png,direct_asset,1812,e0baed90fd9ba2466d7fd676c1e60225866a2e6c387dd7498ab32e33c58cd31a,image/png,"Fri, 13 Mar 2026 16:39:39 GMT","""714-69b43dcb-eb2157dbfa30497;;;"""
renewal/Renewal2.png,https://www.randomservices.org/random/renewal/Renewal2.png,https://www.randomservices.org/random/renewal/Renewal2.png,direct_asset,1841,8c11af97f01b9c8ba7dde84e1cc980b604bac46ad5d0b95e7299f91c03a36de3,image/png,"Fri, 13 Mar 2026 16:39:39 GMT","""731-69b43dcb-cca838fab11588d9;;;"""
renewal/Renewal3.png,https://www.randomservices.org/random/renewal/Renewal3.png,https://www.randomservices.org/random/renewal/Renewal3.png,direct_asset,1860,cbdbcd08bbe3970c62f990914ba581550cf3f7e013cba8a50dae58e6b2edb115,image/png,"Fri, 13 Mar 2026 16:39:39 GMT","""744-69b43dcb-ce6e8c980c0a2bb7;;;"""
renewal/Renewal4.png,https://www.randomservices.org/random/renewal/Renewal4.png,https://www.randomservices.org/random/renewal/Renewal4.png,direct_asset,2826,c7335571881895269448505f3091586d349a5ced610a8ae66f33229efd0e11b6,image/png,"Fri, 13 Mar 2026 16:39:39 GMT","""b0a-69b43dcb-4747b16021905216;;;"""
renewal/Reward.html,https://www.randomservices.org/random/renewal/Reward.html,https://www.randomservices.org/random/renewal/Reward.html,theory_html,34433,5b594b525f9c357346b8af88a0def05c2bc247cddc36d61b67b77e6bb8f3f2ef,text/html,"Fri, 13 Mar 2026 16:39:39 GMT","""8681-69b43dcb-ff7956fdabcfd869;;;"""
renewal/Uniform.png,https://www.randomservices.org/random/renewal/Uniform.png,https://www.randomservices.org/random/renewal/Uniform.png,direct_asset,7057,a7bd7d00b002f69095743ba8e6cf05913943c2a225cd8079ef6c1f6dc1cd16a7,image/png,"Fri, 13 Mar 2026 16:39:39 GMT","""1b91-69b43dcb-7d4c1c891c8e790;;;"""
Screen.css,https://www.randomservices.org/random/Screen.css,https://www.randomservices.org/random/Screen.css,direct_asset,5433,589035811781debb33e3aa90ca0f376532b8ade30d54fad5c56838bec5c8d707,text/css,"Fri, 13 Mar 2026 16:27:20 GMT","""1539-69b43ae8-f959d9a730bcc355;;;"""
