artifact_id,artifact_kind,path,bytes,sha256,media_type,status
artifact.exporter.backend,exporter,scripts/build_backend.py,828837,08f78542e3b8ce985a7e5dc69fa919e1075e8e7438572d9a2ec56283ca919570,text/plain,bound
artifact.input.authored-assessment-01-formulir-kumulatif-a,input,source/assessments/01-formulir-kumulatif-a.md,51210,d2c9a6a2947ba5a29d9db9995a478fbee3c05c5377f7d1f3d32d70138851d530,text/markdown,bound
artifact.input.authored-assessment-02-formulir-kumulatif-b,input,source/assessments/02-formulir-kumulatif-b.md,45942,8834b919c08da3f97d0396c9df280db012a7524ffc3a36b490fbdc62288b3543,text/markdown,bound
artifact.input.authored-mastery-01-konvergensi-01-02,input,source/mastery/01-konvergensi-01-02.md,14095,5bd64d3b3b7de27982a37320107788fc144f90ce8450de6bc13e433284a1e152,text/markdown,bound
artifact.input.authored-mastery-02-konvergensi-03-04,input,source/mastery/02-konvergensi-03-04.md,13657,d79f3cc01062cea7d249b38e095e2220377fa123b1d643bcd6458c221b5fff96,text/markdown,bound
artifact.input.authored-mastery-03-konvergensi-05,input,source/mastery/03-konvergensi-05.md,7472,2a75268b59447024f92c23b1aeca2173189ac99638fe9f363b755efb2e9da16d,text/markdown,bound
artifact.input.authored-mastery-04-bersyarat-kernel-01-02,input,source/mastery/04-bersyarat-kernel-01-02.md,14947,1658f082b3d54984e4b0c8930b49609c0bd1e92b7663602fa1bf1f6e3803c8a7,text/markdown,bound
artifact.input.authored-mastery-05-bersyarat-kernel-03,input,source/mastery/05-bersyarat-kernel-03.md,12819,a5b7fa3932c4c2d787ef0266d9fdeda8191da4107f5a7ee49291f9ecffead5dd,text/markdown,bound
artifact.input.authored-mastery-06-martingal-01-02,input,source/mastery/06-martingal-01-02.md,19614,02e8f2fa9200c145655898f4e9a700a21c3df242d3317da32d9e865c69b16be7,text/markdown,bound
artifact.input.authored-mastery-07-martingal-03-04,input,source/mastery/07-martingal-03-04.md,11753,e99fd1824e6ca623463d8c9570110ff57192a07dca017d9d95fc8cc148fed0fa,text/markdown,bound
artifact.input.authored-mastery-08-martingal-05,input,source/mastery/08-martingal-05.md,11110,09dc06d5cf0abce9bf95eb384101e17e3f6d7f2539b4bff133be573a4ff5862e,text/markdown,bound
artifact.input.authored-mastery-09-poisson-konstruksi-01,input,source/mastery/09-poisson-konstruksi-01.md,15656,ab0b4f4ea0a6402a843c3b49bc6c0645e51427526ff27d44d597224087e48cd4,text/markdown,bound
artifact.input.authored-mastery-10-brown-01,input,source/mastery/10-brown-01.md,7820,5c0c27f98b07bcd025ca9dc372ea70714a22a5167178e42d6c28e24886e5a0e2,text/markdown,bound
artifact.input.authored-mastery-11-brown-02,input,source/mastery/11-brown-02.md,12689,907cd339279c18b7dffb7dbcccbf469987f79ca1efddf43429675c2f721ecbb0,text/markdown,bound
artifact.input.authored-mastery-12-brown-03-04,input,source/mastery/12-brown-03-04.md,12305,858f4c5f577a2fcd734a25c93996a464d8866e9683731641d3d76ffc60e8e694,text/markdown,bound
artifact.input.authored-mastery-13-brown-05-06,input,source/mastery/13-brown-05-06.md,18533,401b76586d6157c38f245b86f09a741fa5c30fbb6fe4a5e166f1cfddfd7db0ef,text/markdown,bound
artifact.input.authored-mastery-14-brown-07,input,source/mastery/14-brown-07.md,9856,4320979492c4a303d45f34a83cb33d3c1fa425bd9648bd9716f6db6f386547c4,text/markdown,bound
artifact.input.first-boundary-builder,input,scripts/build_first_boundary.py,529811,c9c084dc87b7a522dcd2af3b51f94e8c026d5c3df97f9a243654817b29c1b618,text/plain,bound
artifact.input.original-bridge-01-mastery-ledger,input,qa/ORIGINAL_BRIDGE_01_MASTERY_LEDGER.json,3494,f6b01ff463f603989ac573f2f85ce082c537343e0a3129a48f00def8c20eb0ba,application/json,bound
artifact.input.original-bridge-01-reader,input,build/site/original/01-konstruksi-kolmogorov.html,50463,1f1804c0b89e078d99607a5f789207646a3adf68612ccf0a183f5630a2ba078a,text/html,bound
artifact.input.original-bridge-01-source,input,source/original/01-konstruksi-kolmogorov.md,34418,bf37d6b746e617b5010a96be0c105e7f4ecd33e39a22b6a0f0528cd6b48cd164,text/plain,bound
artifact.input.original-bridge-02-mastery-ledger,input,qa/ORIGINAL_BRIDGE_02_MASTERY_LEDGER.json,3815,12236c85bdd2a50e9a69788d3839759381488305abe2169c45c611b06fc1f3de,application/json,bound
artifact.input.original-bridge-02-reader,input,build/site/original/02-keterukuran-proses-dan-hukum-lintasan.html,48072,61bcf60c98ece0ed28cd12b16707cc6c44f28dd53ea87d104dbe2e92e717baba,text/html,bound
artifact.input.original-bridge-02-source,input,source/original/02-keterukuran-proses-dan-hukum-lintasan.md,29971,f14bd9e7ad6a80079eb40609dd97f9768e08fae5bc638e9d5939666f53ad0acb,text/plain,bound
artifact.input.original-bridge-03-mastery-ledger,input,qa/ORIGINAL_BRIDGE_03_MASTERY_LEDGER.json,3970,7c7bbc03a7875da58b35dbc5aa355bec56e0c013ce0746aad9ac6eb26c9ba6a2,application/json,bound
artifact.input.original-bridge-03-reader,input,build/site/original/03-probabilitas-bersyarat-reguler.html,55368,bad1bc0e694b88d9c149916061ec93872812dfecb7393dd9ab48f8e5f0a94dbf,text/html,bound
artifact.input.original-bridge-03-source,input,source/original/03-probabilitas-bersyarat-reguler.md,34016,d24d06e9c5e60c2d0a70ee0ff00fd0e2e7687e12a12404b6f7e903af76ccbe44,text/plain,bound
artifact.input.original-bridge-04-mastery-ledger,input,qa/ORIGINAL_BRIDGE_04_MASTERY_LEDGER.json,3788,c5cba5a677b3ddb1cd299e2509f6fe916211c92235074894feee1ffee0a01850,application/json,bound
artifact.input.original-bridge-04-reader,input,build/site/original/04-audit-hipotesis-proses-stokastik.html,58554,29cdb397628cbc17867aca2e678b951c452f19f0b432c31c67e329ef54f4b202,text/html,bound
artifact.input.original-bridge-04-source,input,source/original/04-audit-hipotesis-proses-stokastik.md,39925,be6de4f7b2fc63bbfee8be51b3dd8ac733edff5d58374c7a71891d0ab20d4bfd,text/plain,bound
artifact.input.original-brown-bridge-offline-js,input,source/original/brown-bridge-offline.js,9496,2c3a29ab169b538a54dd77e1813f95c06a68face108eb386723a84a514387f2b,text/javascript,bound
artifact.input.original-brown-drift-offline-js,input,source/original/brown-drift-offline.js,10020,e4d64c98b1fa3fc7d1511c00a6b4385beb4079615c1217d74c0a0221ca310a1f,text/javascript,bound
artifact.input.original-brown-geometric-offline-js,input,source/original/geometric-brownian-offline.js,14802,5b18869f5582f354c40fbf6a9987a191450e09d93b21891d9838251b4a3ed8a8,text/javascript,bound
artifact.input.original-two-state-app,input,source/apps/two-state.html,20357,76b01598bea48e7337c54ecd6bd63bb13262da5ea5b27a705f3b99aa71d3a4eb,text/html,bound
artifact.input.quantecon-component-manifest,build-manifest,build/components/quantecon_memoryless/COMPONENT_MANIFEST.tsv,926,5a7253744a0247edd613f2bdf90c6d342f20c346dd03c388f00fba724eb5c41d,text/plain,bound
artifact.input.quantecon-component-receipt,build-receipt,build/components/quantecon_memoryless/COMPONENT_RECEIPT.json,6842,6c6421f7e26555a05628b78e600e355a25ede5cb7d34be845e05160e91330cdd,application/json,bound
artifact.input.quantecon-ergodicity-component-manifest,build-manifest,build/components/quantecon_ergodicity/COMPONENT_MANIFEST.tsv,704,b2c5d1423bd5d0a898f462e7fb9245f2d03661f7e704c13660c9c76abeed9983,text/plain,bound
artifact.input.quantecon-ergodicity-component-receipt,build-receipt,build/components/quantecon_ergodicity/COMPONENT_RECEIPT.json,11207,9496314c6f6abcae79a3c0b9da629c1ea6446d104ade38c520b5b9c086c5e945,application/json,bound
artifact.input.quantecon-ergodicity-executed-notebook,input,build/components/quantecon_ergodicity/notebooks/ergodicity-executed.ipynb,3231,9a7603eedcac9f18fd1200d83744b9a7fd5608e1f85fcab268b37106e3fde22e,text/plain,bound
artifact.input.quantecon-ergodicity-figure-01,input,build/components/quantecon_ergodicity/assets/ergodicity-cell-04-figure-01.png,37187,cf9cecb59c93a0e74e9c6322d5497dcfe89a9fbe4d15223cc4a65d1c257fe0fc,image/png,bound
artifact.input.quantecon-ergodicity-html,input,build/components/quantecon_ergodicity/lectures/ergodicity.html,49941,7bbc26405b7113241763a395f172343db5bb03f5cc4223ef8c6311483fc0a2e1,text/html,bound
artifact.input.quantecon-ergodicity-math-audit,input,qa/QUANTECON_ERGODICITY_MATH_AUDIT_20260824.md,2828,5e61f27c884146e61c77595ce28687b1c33b4f112a85c6e17fca3e273a2d5fb8,text/plain,bound
artifact.input.quantecon-ergodicity-notebook,authority-source,authority/quantecon/notebook_snapshot/continuous_time_mcs.notebooks-1e17c25c937f369544380f769eb9c1bc45d12d1a/ergodicity.ipynb,30306,e9daac187c07d8ba4d63cb43df2bb1874afa69a6095f91dd9f14a27c674fa881,text/plain,bound
artifact.input.quantecon-ergodicity-numerical-qa,input,qa/QUANTECON_ERGODICITY_NUMERICAL_QA.json,8427,b2571f0c59f067a3b6a4dc0d696a990d3dacfa3b78967c0ee1e4c539fc984eb6,application/json,bound
artifact.input.quantecon-ergodicity-source,authority-source,authority/quantecon/source_snapshot/continuous_time_mcs-8b06e0aa5a438692445b2c896f9d238c5a7d5eb7/lectures/ergodicity.md,18548,01c8f94e8016119107d6a3c14e688a0c1ed71690f678a2ae252703f7abccba84,text/plain,bound
artifact.input.quantecon-ergodicity-target,translation-source,source/quantecon/lectures/ergodicity.md,27023,5ae7f5f06befc5c71727da6c33678af5aac3fed523e9d547fb7a0577a1af61ad,text/plain,bound
artifact.input.quantecon-ergodicity-translation-audit,input,qa/QUANTECON_ERGODICITY_TRANSLATION_AUDIT_20260824.md,2056,a6fe51f8c34a37e0f27a3964afeea58bdc70798442be25a3154dc8b5fb524a71,text/plain,bound
artifact.input.quantecon-executed-notebook,input,build/components/quantecon_memoryless/notebooks/memoryless-executed.ipynb,2906,ca5f1ccd777b7275f066e8f1008fbd35733075ed51b13f95f47617b81d959c54,text/plain,bound
artifact.input.quantecon-figure-01,authority-asset,build/components/quantecon_memoryless/assets/memoryless-cell-03-figure-01.png,26848,a15ed232495f1c3238de68aa169746a91e2e51230f930800fd80d78a08ef586a,image/png,bound
artifact.input.quantecon-figure-02,authority-asset,build/components/quantecon_memoryless/assets/memoryless-cell-04-figure-01.png,22871,411363d32be92f36f11633115ba7f614ee7e0d4c22a5cd8a3603898faf48ad48,image/png,bound
artifact.input.quantecon-figure-03,authority-asset,build/components/quantecon_memoryless/assets/memoryless-cell-05-figure-01.png,21880,aa5b8258eae3c9895ea3875aa65126847be75942e89dd3600b1efad6242104af,image/png,bound
artifact.input.quantecon-generators-component-manifest,build-manifest,build/components/quantecon_generators/COMPONENT_MANIFEST.tsv,592,ff0d088e83308078b266fec203eb7d7ba2a661e2dd5f32c8ea30ede2b78ec219,text/plain,bound
artifact.input.quantecon-generators-component-receipt,build-receipt,build/components/quantecon_generators/COMPONENT_RECEIPT.json,7607,7370b6d51aaa7e7e0010d0fa0b5cf94870802eb6f72c13d175d2a477fd9db2f1,application/json,bound
artifact.input.quantecon-generators-executed-notebook,input,build/components/quantecon_generators/notebooks/generators-executed.ipynb,278,bf0d5b3cb50f552f9903a0bd6bdab3e27e6b0cd24074e88a246293e670d7749d,text/plain,bound
artifact.input.quantecon-generators-html,input,build/components/quantecon_generators/lectures/generators.html,41114,70cc156f7eb6b0a885a55ca218ade41774c6f973f505f98e01a550c90127ba66,text/html,bound
artifact.input.quantecon-generators-math-audit,input,qa/QUANTECON_GENERATORS_MATH_AUDIT_20260824.md,3251,145fc7253b651d52e5587a99bbf208ee5bee3b85b008bbcccd5909576d14213c,text/plain,bound
artifact.input.quantecon-generators-notebook,authority-source,authority/quantecon/notebook_snapshot/continuous_time_mcs.notebooks-1e17c25c937f369544380f769eb9c1bc45d12d1a/generators.ipynb,26128,8ce748db97a5a38414277e8056ab3b6a6eac8900e3a97b44991ba722033099b1,text/plain,bound
artifact.input.quantecon-generators-source,authority-source,authority/quantecon/source_snapshot/continuous_time_mcs-8b06e0aa5a438692445b2c896f9d238c5a7d5eb7/lectures/generators.md,16818,035caa76ccc07622b6d0564f7b72a2f02a2b5d276e2848a3612f9414232d6736,text/plain,bound
artifact.input.quantecon-generators-target,translation-source,source/quantecon/lectures/generators.md,21637,db2fa074b9198d2722c8bba8adc69987ce4c5bf580a0119d7996ab0301fa1da0,text/plain,bound
artifact.input.quantecon-generators-translation-audit,input,qa/QUANTECON_GENERATORS_TRANSLATION_AUDIT_20260824.md,5451,d45b61875c4b007b9f48d01223fd3c4327b1814f135baa152ae600d2b18805d6,text/plain,bound
artifact.input.quantecon-html,input,build/components/quantecon_memoryless/lectures/memoryless.html,27572,5bf5c4d8719ce581ea8c35c79e56102f1641ce7dfc322dc83b54c6755f5797b0,text/html,bound
artifact.input.quantecon-kolmogorov-bwd-component-manifest,build-manifest,build/components/quantecon_kolmogorov_bwd/COMPONENT_MANIFEST.tsv,839,5d556f4e9fd2e4b4a7a3f7e409c6a5fb7551f8cb2c3f4901860db2b189ecaf70,text/plain,bound
artifact.input.quantecon-kolmogorov-bwd-component-receipt,build-receipt,build/components/quantecon_kolmogorov_bwd/COMPONENT_RECEIPT.json,9616,9f94b0375e52957d5f80ce2a44ed0f3e6865132461ccef247293121e233984e5,application/json,bound
artifact.input.quantecon-kolmogorov-bwd-executed-notebook,input,build/components/quantecon_kolmogorov_bwd/notebooks/kolmogorov_bwd-executed.ipynb,4538,d62d87133d2ddbd26baf7298f7bbe903fa8cdb11a86bccd02b4aee68364674a3,text/plain,bound
artifact.input.quantecon-kolmogorov-bwd-figure-01,authority-asset,build/components/quantecon_kolmogorov_bwd/assets/kolmogorov_bwd-cell-05-figure-01.png,17646,1e4b89eaa4d6c5c6a0cc0c43713ccabef998f903bbb862b8b4b5d189a2b0e1a8,image/png,bound
artifact.input.quantecon-kolmogorov-bwd-figure-02,authority-asset,build/components/quantecon_kolmogorov_bwd/assets/kolmogorov_bwd-cell-06-figure-01.png,15852,7d57c9f3687133e6082f3206649c93a2061b3d5d84533a534b820e5fe963347a,image/png,bound
artifact.input.quantecon-kolmogorov-bwd-html,input,build/components/quantecon_kolmogorov_bwd/lectures/kolmogorov_bwd.html,42699,c2bc265d1c7706e58caf58594703a6ffe1d47b7840462240e21353b77f745561,text/html,bound
artifact.input.quantecon-kolmogorov-bwd-notebook,authority-source,authority/quantecon/notebook_snapshot/continuous_time_mcs.notebooks-1e17c25c937f369544380f769eb9c1bc45d12d1a/kolmogorov_bwd.ipynb,28158,67ca8e73f7fe2e579d2cc3d21e9e232d49ff66d1a2c29b76881fd3bd84c47db2,text/plain,bound
artifact.input.quantecon-kolmogorov-bwd-source,authority-source,authority/quantecon/source_snapshot/continuous_time_mcs-8b06e0aa5a438692445b2c896f9d238c5a7d5eb7/lectures/kolmogorov_bwd.md,16808,ea2ada6e9eabe30fb2088d3e218076b4f949662649e2aef4b30c2cd59d090149,text/plain,bound
artifact.input.quantecon-kolmogorov-bwd-target,translation-source,source/quantecon/lectures/kolmogorov_bwd.md,23833,da75cf5a8d92f9bab26df63232be8817913e5d77238b661cc12f230fe7c695ca,text/plain,bound
artifact.input.quantecon-kolmogorov-fwd-cell-04-data,input,build/components/quantecon_kolmogorov_fwd/assets/kolmogorov_fwd-cell-04-data.csv,679,2273979db959bcbca5d136e7216b02634e0f19acd9969678e12c965c0b6eb225,text/csv,bound
artifact.input.quantecon-kolmogorov-fwd-cell-06-data,input,build/components/quantecon_kolmogorov_fwd/assets/kolmogorov_fwd-cell-06-data.csv,75302,d7feb060f75d4095e9a9cf6f528afa1eb6b5580c5663d1fb791130ed4b211c97,text/csv,bound
artifact.input.quantecon-kolmogorov-fwd-component-manifest,build-manifest,build/components/quantecon_kolmogorov_fwd/COMPONENT_MANIFEST.tsv,1167,5767bf43d265c9a5a08550a2aef9b01ede2ab63c4c32b009754950e217355164,text/plain,bound
artifact.input.quantecon-kolmogorov-fwd-component-receipt,build-receipt,build/components/quantecon_kolmogorov_fwd/COMPONENT_RECEIPT.json,87320,5fadba8721f75fb8e9c901a4ced4e0f702f78eb09d09c7a6d64307d708d15244,application/json,bound
artifact.input.quantecon-kolmogorov-fwd-executed-notebook,input,build/components/quantecon_kolmogorov_fwd/notebooks/kolmogorov_fwd-executed.ipynb,4071,4482f87700664fd8f352797630077a4f6a4a0f72332343a0a7b1b51fb6b55d9c,text/plain,bound
artifact.input.quantecon-kolmogorov-fwd-figure-01,input,build/components/quantecon_kolmogorov_fwd/assets/kolmogorov_fwd-cell-04-figure-01.png,29581,568f43b6d1855b10f4c74e2ac01d90ee10059393dfd06dd1de286c36d2daa6fe,image/png,bound
artifact.input.quantecon-kolmogorov-fwd-figure-02,input,build/components/quantecon_kolmogorov_fwd/assets/kolmogorov_fwd-cell-06-figure-01.png,37584,ce3a18cd8ec02d543856a472b518aa7c51b7e7d18b58ef52ecb01adebe8cff6b,image/png,bound
artifact.input.quantecon-kolmogorov-fwd-html,input,build/components/quantecon_kolmogorov_fwd/lectures/kolmogorov_fwd.html,43174,4a96bc629bdeca09afb44e1264d5e606fb3d440718e8d8384d72e2571e9a643d,text/html,bound
artifact.input.quantecon-kolmogorov-fwd-notebook,authority-source,authority/quantecon/notebook_snapshot/continuous_time_mcs.notebooks-1e17c25c937f369544380f769eb9c1bc45d12d1a/kolmogorov_fwd.ipynb,27069,cb1dd9963c3985b1e16199c4748b55363a00057dc03d89ad4c613552e174ae52,text/plain,bound
artifact.input.quantecon-kolmogorov-fwd-numerical-qa,input,qa/QUANTECON_KOLMOGOROV_FWD_NUMERICAL_QA.json,3956,c31c816a602590497d2f48b8b3d5a5e1ba0a9a5aa49651dffecbd59290b34ada,application/json,bound
artifact.input.quantecon-kolmogorov-fwd-source,authority-source,authority/quantecon/source_snapshot/continuous_time_mcs-8b06e0aa5a438692445b2c896f9d238c5a7d5eb7/lectures/kolmogorov_fwd.md,16943,21c694175c28885477fc77b62e8f6a38c8f1d80bbe61cf40c144d285aa6e4b03,text/plain,bound
artifact.input.quantecon-kolmogorov-fwd-source-figure,input,build/components/quantecon_kolmogorov_fwd/assets/kolmogorov_fwd-source-flow.png,104771,54906c3f6f48664960d25ead98af1150014e88367db1d604f6ccc9d01e50564f,image/png,bound
artifact.input.quantecon-kolmogorov-fwd-static-flow,authority-asset,authority/quantecon/source_snapshot/continuous_time_mcs-8b06e0aa5a438692445b2c896f9d238c5a7d5eb7/lectures/_static/lecture_specific/markov_prop/flow_fig.png,104771,54906c3f6f48664960d25ead98af1150014e88367db1d604f6ccc9d01e50564f,image/png,bound
artifact.input.quantecon-kolmogorov-fwd-target,translation-source,source/quantecon/lectures/kolmogorov_fwd.md,22210,19abc4dc6ef33c45917684bd487ffa367e36d929b3190960f96d7a7602cb6098,text/plain,bound
artifact.input.quantecon-license,rights-witness,authority/quantecon/evidence/quantecon-ctmc-intro-license-witness.html,32586,ff0dd3b21c95d225b2555710bdb6217d2963954cb95e34655711529d93209e46,text/html,bound
artifact.input.quantecon-markov-prop-component-manifest,build-manifest,build/components/quantecon_markov_prop/COMPONENT_MANIFEST.tsv,929,76b98358c99028e692472ccc90fe967f7068225f7be569258fbc0d7bca0171d4,text/plain,bound
artifact.input.quantecon-markov-prop-component-receipt,build-receipt,build/components/quantecon_markov_prop/COMPONENT_RECEIPT.json,7840,823934561659d434e15844b6859d1e35c7a20aac246a3434c06ff1bca83d25ec,application/json,bound
artifact.input.quantecon-markov-prop-executed-notebook,input,build/components/quantecon_markov_prop/notebooks/markov_prop-executed.ipynb,3773,4066f0bf1ce4917b757d1e713179df73885dd60a11e14fe3d6d21f50e392a34c,text/plain,bound
artifact.input.quantecon-markov-prop-figure-01,authority-asset,build/components/quantecon_markov_prop/assets/markov_prop-cell-04-figure-01.png,11073,2e56d5b836d29651a125b7b2bf55abd46c646108cec5bbea6393ab25fa006d9d,image/png,bound
artifact.input.quantecon-markov-prop-figure-02,authority-asset,build/components/quantecon_markov_prop/assets/markov_prop-cell-05-figure-01.png,95172,5ba66db4bbb4d65aebf1c3f5e7cdf6d577f2d00f48a21a18bfd68a88a6e67404,image/png,bound
artifact.input.quantecon-markov-prop-html,input,build/components/quantecon_markov_prop/lectures/markov_prop.html,61240,0710ea148adb9976bb739c86f5134dd6599fffc6df2fd2fb9fd2d8ff2c810d9c,text/html,bound
artifact.input.quantecon-markov-prop-notebook,authority-source,authority/quantecon/notebook_snapshot/continuous_time_mcs.notebooks-1e17c25c937f369544380f769eb9c1bc45d12d1a/markov_prop.ipynb,307365,c5e3ff8f3bfe4b32d6bee0a6d15435fc738032357025e5ff8b0293b684a801db,text/plain,bound
artifact.input.quantecon-markov-prop-source,authority-source,authority/quantecon/source_snapshot/continuous_time_mcs-8b06e0aa5a438692445b2c896f9d238c5a7d5eb7/lectures/markov_prop.md,31134,0380ca588468e4185391e8bf5d2d207978a958a6c954029f41399473d9d6f545,text/plain,bound
artifact.input.quantecon-markov-prop-target,translation-source,source/quantecon/lectures/markov_prop.md,34799,82320a9bcc311726c7255398d9950c62adc106733dd2bcef9c400c7664543807,text/plain,bound
artifact.input.quantecon-notebook,authority-source,authority/quantecon/notebook_snapshot/continuous_time_mcs.notebooks-1e17c25c937f369544380f769eb9c1bc45d12d1a/memoryless.ipynb,21124,1d74c6f1631d78e6ffb546914f103703cb1f0a41408f71e3898254cba8cd2ce7,text/plain,bound
artifact.input.quantecon-notebook-manifest,authority-manifest,authority/quantecon/NOTEBOOK_MANIFEST.tsv,1134,d0934f364b8655d114dc9f5e8469214909b8b7af20a9d69febf5bee1d12603ca,text/plain,bound
artifact.input.quantecon-poisson-component-manifest,build-manifest,build/components/quantecon_poisson/COMPONENT_MANIFEST.tsv,1119,67613ec5a692c891b4fff469a0c6ead8871db50a314904158e121c249b464a83,text/plain,bound
artifact.input.quantecon-poisson-component-receipt,build-receipt,build/components/quantecon_poisson/COMPONENT_RECEIPT.json,8696,4fdecb9068e56e8eb7795a8efb15cd7147ed3fc6b25b8b9cfc3c62d2993c8ca1,application/json,bound
artifact.input.quantecon-poisson-executed-notebook,input,build/components/quantecon_poisson/notebooks/poisson-executed.ipynb,4794,5f8ddd71ca92d948e814d38d454227bcdb4d050c83fdf57d9cda92b3d2d5f938,text/plain,bound
artifact.input.quantecon-poisson-figure-01,authority-asset,build/components/quantecon_poisson/assets/poisson-cell-03-figure-01.png,6558,8dd10d9ec6be892ad17db596d1009673052d5da03ae2a41fc787e9e54fd99840,image/png,bound
artifact.input.quantecon-poisson-figure-02,authority-asset,build/components/quantecon_poisson/assets/poisson-cell-04-figure-01.png,6818,a23f23ceef99cde835f4a8d4d43390de7334960580412967613aabacc36f3c16,image/png,bound
artifact.input.quantecon-poisson-figure-03,authority-asset,build/components/quantecon_poisson/assets/poisson-cell-05-figure-01.png,10549,1cad0b9c6cf25111904c30000b4682eabe72bb62b5898957e3ef67ca255e7bcc,image/png,bound
artifact.input.quantecon-poisson-figure-04,authority-asset,build/components/quantecon_poisson/assets/poisson-cell-06-figure-01.png,29643,51d98f090bad9ace18f38ce6b961245fe9e0dec63479f17492676dd19c2c707b,image/png,bound
artifact.input.quantecon-poisson-figure-05,authority-asset,build/components/quantecon_poisson/assets/poisson-cell-07-figure-01.png,92570,892bd884f5ce06a1d0a17578c197d1ae55451f187a8247de3cc1570c7dba9029,image/png,bound
artifact.input.quantecon-poisson-html,input,build/components/quantecon_poisson/lectures/poisson.html,27968,831bab3e9f5e00fbe9b4739fdc55e7bf2a07031257eb36696ed252862287015d,text/html,bound
artifact.input.quantecon-poisson-notebook,authority-source,authority/quantecon/notebook_snapshot/continuous_time_mcs.notebooks-1e17c25c937f369544380f769eb9c1bc45d12d1a/poisson.ipynb,21620,cae41809b046c2b1153cbe01523d2128790bf6226ec87aaefe0fbcb6b4464474,text/plain,bound
artifact.input.quantecon-poisson-source,authority-source,authority/quantecon/source_snapshot/continuous_time_mcs-8b06e0aa5a438692445b2c896f9d238c5a7d5eb7/lectures/poisson.md,13453,d9bb4268d30179d48598dd63066f938da895110511fb6f54aaf915200353e102,text/plain,bound
artifact.input.quantecon-poisson-target,translation-source,source/quantecon/lectures/poisson.md,14614,8d0f457f3cad1b306e6fede93f390a514da5ec18a544bd22a9a4fdeccdcdea10,text/plain,bound
artifact.input.quantecon-source,authority-source,authority/quantecon/source_snapshot/continuous_time_mcs-8b06e0aa5a438692445b2c896f9d238c5a7d5eb7/lectures/memoryless.md,13244,45b5d8a5bd991b32420268a61c6be2fb3e32d12eb50f3fd57ce724d065325de8,text/plain,bound
artifact.input.quantecon-source-manifest,authority-manifest,authority/quantecon/SOURCE_MANIFEST.tsv,3220,6b9c5ae0a04281259360124f0d432dea19ff03d10cb00ced0ae3499ded58d27c,text/plain,bound
artifact.input.quantecon-target,translation-source,source/quantecon/lectures/memoryless.md,14327,10ad2d5959aa0baca7a0472d06c0a3242e5a863cd49e88caa2884e1715043faa,text/plain,bound
artifact.input.quantecon-uc-mc-semigroups-component-manifest,build-manifest,build/components/quantecon_uc_mc_semigroups/COMPONENT_MANIFEST.tsv,616,b97180faf533eb404b2b5f05afe051b66b0e0c6db10d9e6d109ae06b1859c8b6,text/plain,bound
artifact.input.quantecon-uc-mc-semigroups-component-receipt,build-receipt,build/components/quantecon_uc_mc_semigroups/COMPONENT_RECEIPT.json,8969,1847fa159c523e8804516c5c847b4eb85808d1ce834790d90e93d2c98c08b6c7,application/json,bound
artifact.input.quantecon-uc-mc-semigroups-executed-notebook,input,build/components/quantecon_uc_mc_semigroups/notebooks/uc_mc_semigroups-executed.ipynb,278,bf0d5b3cb50f552f9903a0bd6bdab3e27e6b0cd24074e88a246293e670d7749d,text/plain,bound
artifact.input.quantecon-uc-mc-semigroups-html,input,build/components/quantecon_uc_mc_semigroups/lectures/uc_mc_semigroups.html,47289,2029f45dff8af3749e0ff63cf91fa9463931799a5d102e30afb7447215ca84af,text/html,bound
artifact.input.quantecon-uc-mc-semigroups-math-audit,input,qa/QUANTECON_UC_MC_SEMIGROUPS_MATH_AUDIT_20260824.md,2888,e26c3fedbb8aadc2bb712ccd8fd1a7be594e995f4604ec723d7dbb23cf9f7f71,text/plain,bound
artifact.input.quantecon-uc-mc-semigroups-notebook,authority-source,authority/quantecon/notebook_snapshot/continuous_time_mcs.notebooks-1e17c25c937f369544380f769eb9c1bc45d12d1a/uc_mc_semigroups.ipynb,29169,fd772f3a052aa9bba611bc5d419858256f1f390459e5c6cd681b6b9ebb58f9ef,text/plain,bound
artifact.input.quantecon-uc-mc-semigroups-numerical-qa,input,qa/QUANTECON_UC_MC_SEMIGROUPS_NUMERICAL_QA.json,4681,6c960605fb9b83abd08bfb78c5b123d6b326119a79172db542c6f5bdac15da47,application/json,bound
artifact.input.quantecon-uc-mc-semigroups-source,authority-source,authority/quantecon/source_snapshot/continuous_time_mcs-8b06e0aa5a438692445b2c896f9d238c5a7d5eb7/lectures/uc_mc_semigroups.md,18234,cb5e67bc9a614a0169ba9b9bee479a0060b88401e0a7442154242af7bffd9b69,text/plain,bound
artifact.input.quantecon-uc-mc-semigroups-target,translation-source,source/quantecon/lectures/uc_mc_semigroups.md,25531,85dfca4029539025d63721950c74a03dab82c89e0841e3f91b0e7f426fab01f2,text/plain,bound
artifact.input.quantecon-uc-mc-semigroups-translation-audit,input,qa/QUANTECON_UC_MC_SEMIGROUPS_TRANSLATION_AUDIT_20260824.md,2851,b55756db6759539b054e2dd242a0429d572eb0716bbc07dee26d16cd7b714a67,text/plain,bound
artifact.input.random-brown-apps-js,authority-asset,authority/random/static/apps/Apps.js,48270,a983fd231b3e5924ca46a80ef25ad614d84c70f5da933f90c698bd342ddf9d22,text/javascript,bound
artifact.input.random-brown-bridge,authority-source,authority/random/static/brown/Bridge.html,21051,62e8b18c32f191f801e4cb9be3ee0db3fb658329d937b0807c6d8b8d7b37410e,text/html,bound
artifact.input.random-brown-distributions-js,authority-asset,authority/random/static/apps/Distributions.js,65319,bcf0e7266ff22890e23e577bdb37328233c1df9410ac2dc77a4075f0a3beeb0a,text/javascript,bound
artifact.input.random-brown-drift,authority-source,authority/random/static/brown/Drift.html,16019,f1603646520d3c83fa986e6b0be7bcac6862d7443e57d0a28264534da3dc70d5,text/html,bound
artifact.input.random-brown-geometric,authority-source,authority/random/static/brown/Geometric.html,13692,4a6c1fa4c4d1cd7d646f700d438201af2b75fead1f094ecb4720d2831343f6ce,text/html,bound
artifact.input.random-brown-index,authority-source,authority/random/static/brown/index.html,8233,c471c5a1b2bd85731eded48e1ba7a0337c1b752b56fcadde87e213eacf2a7b4a,text/html,bound
artifact.input.random-brown-standard,authority-source,authority/random/static/brown/Standard.html,55842,442b4dacc55ce0ffc49fff5093ee2ad5adb75d337d45908e5e0df1448d84ebd8,text/html,bound
artifact.input.random-dist-convergence,authority-source,authority/random/static/dist/Convergence.html,63759,dc6a536ca3359f3952e1ae487a445377de1c1e73491bb56f3baa8862630dcc3d,text/html,bound
artifact.input.random-expect-conditional2,authority-source,authority/random/static/expect/Conditional2.html,47916,98307993d76941808cc87b7d28dfd8b2e24325913471b07c3a350a52a54c87c2,text/html,bound
artifact.input.random-expect-kernels,authority-source,authority/random/static/expect/Kernels.html,53030,9dd2a5474f284fcb11c9e9f9e81099a1c4fe1708094bfcd64b08ccb9f82c5b8d,text/html,bound
artifact.input.random-expect-uniform,authority-source,authority/random/static/expect/Uniform.html,24662,66f610030094a063be69408d3112c74353941849fe36353f4c5365380f03df2d,text/html,bound
artifact.input.random-manifest,authority-manifest,authority/random/RANDOM_AUTHORITY_MANIFEST.csv,28644,2ee154a38b57201457538db8c0e7df592a052eade8dcfda217605810f04f21e4,text/csv,bound
artifact.input.random-markov-discrete,authority-source,authority/random/static/markov/Discrete.html,55099,808118b103e17cd5e31115b953663b0d8ff94da21f432e6fe7c104e9300380f0,text/html,bound
artifact.input.random-markov-general,authority-source,authority/random/static/markov/General.html,74595,69b4f54fd8c976d8a7093b3bfb9e0b3e836aa60794d1ad262e55c9b4b27f043c,text/html,bound
artifact.input.random-markov-index,authority-source,authority/random/static/markov/index.html,9248,18dfcf15b97a2af7d90404e879376234865bfb40985deb4d6e50b9778f5f7660,text/html,bound
artifact.input.random-markov-limiting,authority-source,authority/random/static/markov/Limiting.html,50069,d4719c5e1cb9ad3be4fbf84c8dd849390f7d1ad15ced112f6312be83e5545680,text/html,bound
artifact.input.random-markov-periodicity,authority-source,authority/random/static/markov/Periodicity.html,17457,6311c165cff1538b2b8da7ff2f5b6d243b86cb6f1e7cb423a2712c3a7689f9b3,text/html,bound
artifact.input.random-markov-periodicity-cyclicclasses,authority-asset,authority/random/static/markov/CyclicClasses.png,3849,8a605c51ae08099741e010d33008d69677d630178b12a2f8d803f4a608f05bbe,image/png,bound
artifact.input.random-markov-periodicity-state4,authority-asset,authority/random/static/markov/State4.png,2121,fd8cdf778a760425393840d8e2730c7a4feea37ed4b23332baf2cb55481af8e7,image/png,bound
artifact.input.random-markov-recurrence,authority-source,authority/random/static/markov/Recurrence.html,51381,24edb8bd0237b0e3abd7beeae48596f35421c9aa35653c6845cfaebb223c5535,text/html,bound
artifact.input.random-markov-recurrence-classes,authority-asset,authority/random/static/markov/Classes.png,2985,132c391c626a47f391633e765812e063498208e3df60ac18a48bae109377140c,image/png,bound
artifact.input.random-markov-recurrence-partition,authority-asset,authority/random/static/markov/Partition.png,2643,817c5c94e0ec7c6bd3325177bcd415637f91bfd3dc7ef01aa05230a76aaac79b,image/png,bound
artifact.input.random-markov-recurrence-state1,authority-asset,authority/random/static/markov/State1.png,1258,2b15a4583a73cd0fdc21281253981951768132e2a2d9b6003a762c2b18eea631,image/png,bound
artifact.input.random-markov-recurrence-state2,authority-asset,authority/random/static/markov/State2.png,1765,5c191a676c374c560803f0c52a1e407a749a3e53ba7d86c38ddcf4d9bf493cfa,image/png,bound
artifact.input.random-markov-recurrence-state3,authority-asset,authority/random/static/markov/State3.png,1678,3110d567b00668ea38d30e1186c6fd495efb40936c3ceb5845fe0ae49a803546,image/png,bound
artifact.input.random-markov-recurrence-visits,authority-asset,authority/random/static/markov/Visits.png,1953,0ed3aadd2499da4f5c951e6542c5750473d228e0794f3e5f5c8a5044f59b5e93,image/png,bound
artifact.input.random-martingale-harness,authority-asset,authority/random/static/martingales/Martingale.png,67648,c7b5939b84f2a18776fc684f9b413a26fec315a684e35c7986c73a0efbb6cf4b,image/png,bound
artifact.input.random-martingales-backwards,authority-source,authority/random/static/martingales/Backwards.html,31248,adae3d5409d9f698129b8b21dfe9f1cd8d3045e2bd3f79e42cbc70751b7b28ba,text/html,bound
artifact.input.random-martingales-convergence,authority-source,authority/random/static/martingales/Convergence.html,44951,c5ef4134737d39992647bc1bf7ab4c9b16814f11450e53e7f54642ec64bdea0f,text/html,bound
artifact.input.random-martingales-convex-function,authority-asset,authority/random/static/martingales/ConvexFunction.png,2861,0849bd7b68a2e0f3c34a990b568eb9f778d39e5293798ebbe9327c1b464ee84d,image/png,bound
artifact.input.random-martingales-index,authority-source,authority/random/static/martingales/index.html,6830,92b98c9e04ad843647041974d54ba6557aedf51d393ff540af4f27a868aa791e,text/html,bound
artifact.input.random-martingales-inequalities,authority-source,authority/random/static/martingales/Inequalities.html,38731,9e03259e83a9e8ac67c9a43a2df1aa8a85d65944f86b82653e46869f4ab451f3,text/html,bound
artifact.input.random-martingales-introduction,authority-source,authority/random/static/martingales/Introduction.html,59687,ff102fd4f54926d89c47b92885176e587f342378e442f1f38e4a69199a02375a,text/html,bound
artifact.input.random-martingales-positive-part,authority-asset,authority/random/static/martingales/PositivePart.png,6483,44f6d78041b2d1959a9887395c84bdd1064097894145bfa7225c50776ad56b14,image/png,bound
artifact.input.random-martingales-powers,authority-asset,authority/random/static/martingales/Powers.png,14675,67ec6db3d3a459d051b4c24d1d2fbd9122086c6b8c58eddb0063a655786431fc,image/png,bound
artifact.input.random-martingales-properties,authority-source,authority/random/static/martingales/Properties.html,37473,0f8bc07eb5eda38e8d4f78e94ba71a7dae8e9b788278f9b6ed250b0f66dc3850,text/html,bound
artifact.input.random-martingales-stop,authority-source,authority/random/static/martingales/Stop.html,43887,8d4c674bec0d19a253405dfe8c06e4b4062d6ef82330f945d50e2c494955a5af,text/html,bound
artifact.input.random-poisson-general,authority-source,authority/random/static/poisson/General.html,23847,cdc957a1fb433c343ee4654af5350259baf15fcc37acbb4acf2c5a50077b6567,text/html,bound
artifact.input.random-prob-convergence,authority-source,authority/random/static/prob/Convergence.html,39189,749de69aba8c7b54e5944ddbe4b342fec8695b32ff46e34409f7b6040241e34f,text/html,bound
artifact.input.random-prob-probability-revisited,authority-source,authority/random/static/prob/Probability2.html,50762,ba442c5fac2cb1608965f974b3f346cec9515e894428accb83521465492b2d10,text/html,bound
artifact.input.random-prob-processes,authority-source,authority/random/static/prob/Processes.html,33179,d4a65b124face6115950e212af2acb5dccf33e1065c77fb3d6aecb727d39e6bc,text/html,bound
artifact.input.random-prob-stop,authority-source,authority/random/static/prob/Stop.html,60922,9d26e78a8ee2a5a14ade3708838298ef0ba51cf9cd9658602a4f26e73b68524d,text/html,bound
artifact.input.random-receipt,authority-receipt,authority/random/RANDOM_AUTHORITY_RECEIPT.json,3227,ea3786a05f3a1ccf444818f17516ce85065c76759bfc8071d43fd8a98c643eb4,application/json,bound
artifact.input.reader-brown-apps-js,input,build/site/apps/Apps.js,48270,a983fd231b3e5924ca46a80ef25ad614d84c70f5da933f90c698bd342ddf9d22,text/javascript,bound
artifact.input.reader-brown-bridge,input,build/site/brown/Bridge.html,32843,e9a2e081da36c9fe7aeb513b40fc9434c5ca888e3ac7de6f7034c07b47d1a16f,text/html,bound
artifact.input.reader-brown-bridge-offline-js,input,build/site/apps/brown-bridge-offline.js,9496,2c3a29ab169b538a54dd77e1813f95c06a68face108eb386723a84a514387f2b,text/javascript,bound
artifact.input.reader-brown-distributions-js,input,build/site/apps/Distributions.js,65319,bcf0e7266ff22890e23e577bdb37328233c1df9410ac2dc77a4075f0a3beeb0a,text/javascript,bound
artifact.input.reader-brown-drift,input,build/site/brown/Drift.html,29090,275574611860fad0f8445297bc22ef782e8c6e627a7472a6829593b6c5d51f25,text/html,bound
artifact.input.reader-brown-drift-offline-js,input,build/site/apps/brown-drift-offline.js,10020,e4d64c98b1fa3fc7d1511c00a6b4385beb4079615c1217d74c0a0221ca310a1f,text/javascript,bound
artifact.input.reader-brown-geometric,input,build/site/brown/Geometric.html,26684,1251796da1a5ac913d20b03faf91ce7ce75cf89be1996d10b987db37083977ee,text/html,bound
artifact.input.reader-brown-geometric-offline-js,input,build/site/apps/geometric-brownian-offline.js,14802,5b18869f5582f354c40fbf6a9987a191450e09d93b21891d9838251b4a3ed8a8,text/javascript,bound
artifact.input.reader-brown-standard,input,build/site/brown/Standard.html,65633,6d1a809a78b540b7bda7aa8a941c6da7eda8360f097b629de9489a0e47222b39,text/html,bound
artifact.input.reader-poisson-general,input,build/site/poisson/General.html,32423,6614a72d13e03cd38531f73745444b923ea45f855964663c95d42bcd0155e4d0,text/html,bound
artifact.input.reproducible-build-timestamp,input,00_control/REPRODUCIBLE_BUILD_TIMESTAMP_UTC.txt,33,78e267f17dac32b1e67601c581787b85065f072741a3b8b6bd2e68ce1ba7dcf5,text/plain,bound
artifact.input.site-build-receipt,build-receipt,build/site/BUILD_RECEIPT.json,41905,1c2755cd401477c167f708a37d953ca809ed90338684ec1027ee9dd67cea1b00,application/json,bound
artifact.input.site-package-manifest,build-manifest,build/site/PACKAGE_MANIFEST.csv,17624,494dc1684132e96563b24a35dcfbd531a4278d4e6614b2cd9f3e04cf8a9be23d,text/csv,bound
artifact.input.target-brown-bridge,translation-source,source/theory/brown/Bridge.html,21289,8af8c9da98203455a19181a4609cd52fe39787bcc7c21e607c92bf1b4235cc1a,text/html,bound
artifact.input.target-brown-drift,translation-source,source/theory/brown/Drift.html,16305,7957d796d47ae31d74e1f0ae9733eac7df22f2ccd3311d5195c4cf948dcb9936,text/html,bound
artifact.input.target-brown-geometric,translation-source,source/theory/brown/Geometric.html,13727,8404e8ac8caaa41699d8f2e623a890f991cc208d63200bfdef6c636640fecf0e,text/html,bound
artifact.input.target-brown-index,translation-source,source/theory/brown/index.html,8014,3f16a19194aeffe6cf6e5e6d98765f4aacbe743933fcf5365b0012438c8804a0,text/html,bound
artifact.input.target-brown-standard,translation-source,source/theory/brown/Standard.html,57212,3693677d4d4c75e7888f806a027fa25020babeb80c720bbb77ad6fd0c639276b,text/html,bound
artifact.input.target-dist-convergence,translation-source,source/theory/dist/Convergence.html,65986,948e294db3cfe1daefbd5bfd1e50f9d7a8b942dadfc0cefc63ca171be974dccc,text/html,bound
artifact.input.target-expect-conditional2,translation-source,source/theory/expect/Conditional2.html,48721,ddd6260bfafc60a7de3e2b78220c0b793349abcf01afa8cf35420cb16f4e55b7,text/html,bound
artifact.input.target-expect-kernels,translation-source,source/theory/expect/Kernels.html,54612,5eb002c6749c46f90468ca78f62b57d88f068c5ec4b9dcd465aa90814f274b8b,text/html,bound
artifact.input.target-expect-uniform,translation-source,source/theory/expect/Uniform.html,25583,99ed5b7958a50fd3fbc131d36ab683e59031e0c466ce10ae2212f5c5e2b76bb8,text/html,bound
artifact.input.target-lab,translation-source,source/labs/01-konvergensi-monte-carlo.Rmd,6499,c95bb36c66684b3fdc1b02de5233fe748aa11805205ef8f831f24d7bec9df085,text/plain,bound
artifact.input.target-lab-brownian-diagnostics,input,source/labs/05-gerak-brown-donsker-variasi-kuadratik-dan-waktu-kena.Rmd,12350,a4703d81620e7e3c8c0767f7896d2acb35adcb394d8ed9299cc6da815482556d,text/plain,bound
artifact.input.target-lab-conditional-martingale,input,source/labs/04-nilai-harapan-bersyarat-martingal.Rmd,12256,09148b76b5150471a514e8c284242f09c64aff3e54aa633ad4e2940901eb8002,text/plain,bound
artifact.input.target-lab-convergence-modes,input,source/labs/03-konvergensi-mode-dan-lln-clt.Rmd,6003,dbb6c3af2fde53155f4c18a5a75f55b5179a1d1584a3d5655f4e73c64ad1be5b,text/plain,bound
artifact.input.target-lab-markov,translation-source,source/labs/02-simulasi-rantai-markov.Rmd,6910,28e9b1c731082f9e590d74cf0b44922f5d45759851a7739bf1af1ad50bf09727,text/plain,bound
artifact.input.target-markov-discrete,translation-source,source/theory/markov/Discrete.html,57537,8875d0089a5f26b5b7373b97a48e6608d5a50632de51aa4d1de005fa247042f6,text/html,bound
artifact.input.target-markov-general,translation-source,source/theory/markov/General.html,76308,9d0fe0a65b469b6a5e1634f8abaa6667a277a9582c4e16ce56867b6ace4f6ff9,text/html,bound
artifact.input.target-markov-index,translation-source,source/theory/markov/index.html,9139,b2948f92824eebb77f05bd0ebf2117d476fc4ae4f2c9cbbc3ad4ab37f73e0e7f,text/html,bound
artifact.input.target-markov-limiting,translation-source,source/theory/markov/Limiting.html,51577,9ab9164c51069883a19cc2da591afd1019d214a497c743a8ef42491fd16e9c42,text/html,bound
artifact.input.target-markov-periodicity,translation-source,source/theory/markov/Periodicity.html,18148,d22a8fdd9e81ccf43cd72f323915276afa3cbf9a96b52767a82bb4040d1f8bc0,text/html,bound
artifact.input.target-markov-recurrence,translation-source,source/theory/markov/Recurrence.html,53858,8dfcd29fb8b289d9ff45ee06eb9d37c8e330232e74761d38035750b94eadfb61,text/html,bound
artifact.input.target-martingales-backwards,translation-source,source/theory/martingales/Backwards.html,32516,61e6b2c6f1c6b9ee5309b4ca7f7b290737490f417b217fa0aa8ddfcfb8064c5e,text/html,bound
artifact.input.target-martingales-convergence,translation-source,source/theory/martingales/Convergence.html,47368,da3c58c6260e21b9c04a67bdb18656bfcaabea4d7f8ee83b8f9538d0668a5747,text/html,bound
artifact.input.target-martingales-index,translation-source,source/theory/martingales/index.html,6679,61a0cf06004de06d9afb5869426c8319cca9f3cbacbf6ed6832691dadabcfa33,text/html,bound
artifact.input.target-martingales-inequalities,translation-source,source/theory/martingales/Inequalities.html,40512,f7327659431ab0f8a7b6f696474e4b0e57e7dd138ba0374c5f722a31781161b6,text/html,bound
artifact.input.target-martingales-introduction,translation-source,source/theory/martingales/Introduction.html,61534,6536e10c13814891939aa429592c80908cad2dc3e618d4cf585b4bda58ba4101,text/html,bound
artifact.input.target-martingales-properties,translation-source,source/theory/martingales/Properties.html,38316,ffdaf9c5f348baca098990f8f44afedffc832b0fdf245cadeb08c63b7184cbe8,text/html,bound
artifact.input.target-martingales-stop,translation-source,source/theory/martingales/Stop.html,45979,7b2d717eb0c5e04a0fe1d46cd9cadb2e5d295fd4a43cab863cf6d3835bef23b2,text/html,bound
artifact.input.target-poisson-general,translation-source,source/theory/poisson/General.html,24698,55d52fefbed117b3dce83dec0a57a3a2187d081531fe6ef08518a871a31cd975,text/html,bound
artifact.input.target-prob-convergence,translation-source,source/theory/prob/Convergence.html,40997,185888375673550452d1d2428cd0b4203fecd31f0f338fc6c703849642a7809a,text/html,bound
artifact.input.target-prob-probability-revisited,translation-source,source/theory/prob/Probability2.html,51686,4cd3a1eb9edca1c3dc81eba39b97c018b339136241d8a668063e3bf62c1a4c32,text/html,bound
artifact.input.target-prob-processes,translation-source,source/theory/prob/Processes.html,34341,34d92779562006d02e3c44ba3b8a92b14039bb5f2792299004e8fd1a64ae0e28,text/html,bound
artifact.input.target-prob-stop,translation-source,source/theory/prob/Stop.html,62578,c1e63e190a870ef117e5f7451b8669b35123eb2a3f1caea381de4f9b1d846d96,text/html,bound
artifact.input.terms,input,00_control/TERMINOLOGY.csv,37149,030c1b9573f2a498488d36d5f01b73e95dbd832e02eb4048f863958ead9ac521,text/csv,bound
artifact.input.zitkovic-license,rights-witness,authority/zitkovic/witness/stochastic-book-e2b35ad91a3689454ae6455e8ffc510a90760c0d/LICENSE,6556,6a1ee543e5282cd9061881edf462e6fdab181f328da71fc2c9a6950a80e94d01,text/plain,bound
artifact.input.zitkovic-markov,authority-source,authority/zitkovic/witness/stochastic-book-e2b35ad91a3689454ae6455e8ffc510a90760c0d/source/05-Markov-chains.Rmd,34298,b350e2283aaeaf65b6bc29819bee5f7f41cdcefc6248f8356ce9d56b39e7354a,text/plain,bound
artifact.input.zitkovic-simulation,authority-source,authority/zitkovic/witness/stochastic-book-e2b35ad91a3689454ae6455e8ffc510a90760c0d/source/02-simulation.Rmd,57963,ce93a06c41bf6c6093c1cb7ca3d9dcde60fa52b317f7681ec30097d8e6117351,text/plain,bound
artifact.input.zitkovic-zip,authority-archive,authority/zitkovic/stochastic-book-e2b35ad91a3689454ae6455e8ffc510a90760c0d.zip,76045979,25151c274360ce8228df138de3d2f9fa9895fa47112422c369d455725c53569e,application/zip,bound
