term_id,en,id_ID,status,scope,note
O009-T0001,convergence,konvergensi,admitted,course,Use for stochastic/measure convergence; qualify the mode.
O009-T0002,almost sure convergence,konvergensi hampir pasti,admitted,course,Also state dengan probabilitas 1 at first definition.
O009-T0003,convergence in probability,konvergensi dalam probabilitas,admitted,course,
O009-T0004,convergence in distribution,konvergensi dalam distribusi,admitted,course,
O009-T0005,limit superior,limit superior,admitted,course,Retain limsup notation.
O009-T0006,limit inferior,limit inferior,admitted,course,Retain liminf notation.
O009-T0007,increasing event sequence,barisan kejadian menaik,admitted,course,
O009-T0008,decreasing event sequence,barisan kejadian menurun,admitted,course,
O009-T0009,continuity theorem,teorema kekontinuan,provisional,course,Recheck against established Indonesian measure-theory lane terminology.
O009-T0010,Borel-Cantelli lemma,lema Borel–Cantelli,admitted,course,
O009-T0011,Monte Carlo method,metode Monte Carlo,admitted,lab,
O009-T0012,sample mean,rata-rata sampel,admitted,lab,O006/C140 is the shared prerequisite owner.
O009-T0013,stochastic process,proses stokastik,admitted,course,
O009-T0014,conditional expectation,ekspektasi bersyarat,admitted,course,
O009-T0015,martingale,martingal,provisional,course,Verify coordinator-wide convention before first use.
O009-T0016,kernel,kernel,admitted,course,Use for measure kernels and integral operators; qualify the type at first use.
O009-T0017,probability kernel,kernel probabilitas,admitted,course,Stochastic kernel and Markov kernel are stated as synonyms where the source does so.
O009-T0018,kernel density function,fungsi kepadatan kernel,admitted,course,
O009-T0019,invariant measure,ukuran invarian,admitted,course,
O009-T0020,regular conditional distribution,distribusi bersyarat reguler,admitted,course,Existence and almost-everywhere uniqueness require explicit hypotheses.
O009-T0021,submartingale,submartingal,provisional,course,Keep parallel with the selected martingal form.
O009-T0022,supermartingale,supermartingal,provisional,course,Keep parallel with the selected martingal form.
O009-T0023,martingale difference sequence,barisan selisih martingal,admitted,course,
O009-T0024,random walk,gerak acak,admitted,course,Matches the existing O009 stochastic-process reader terminology.
O009-T0025,independent increments,inkremen independen,admitted,course,Preferred technical term in Indonesian stochastic-process literature.
O009-T0026,stationary increments,inkremen stasioner,admitted,course,
O009-T0027,likelihood ratio test,uji rasio kemungkinan,provisional,course,Retain the English term in parentheses at first use if needed.
O009-T0028,branching process,proses percabangan,admitted,course,
O009-T0029,Doob martingale,martingal Doob,provisional,course,
O009-T0030,convex function,fungsi cembung,admitted,course,
O009-T0031,martingale transform,transformasi martingal,admitted,course,
O009-T0032,Doob decomposition,dekomposisi Doob,admitted,course,
O009-T0033,Doob-Meyer decomposition,dekomposisi Doob–Meyer,admitted,course,
O009-T0034,harmonic function,fungsi harmonik,admitted,course,Qualify the Markov process and initial-law scope.
O009-T0035,predictable process,proses terprediksi,admitted,course,
O009-T0036,optional stopping,penghentian opsional,admitted,course,
O009-T0037,stopped martingale,martingal yang dihentikan,admitted,course,
O009-T0038,Wald's equation,persamaan Wald,admitted,course,
O009-T0039,pattern waiting time,waktu tunggu pola,admitted,course,
O009-T0040,secretary problem,masalah sekretaris,admitted,course,Canonical optimal-stopping example.
O009-T0041,hitting time,waktu pencapaian,admitted,course,Use for first entrance into a specified state or level.
O009-T0042,simple word,kata sederhana,admitted,course,No proper prefix is also a suffix.
O009-T0043,compound word,kata majemuk,admitted,course,Has a proper prefix that is also a suffix.
O009-T0044,optimal stopping,penghentian optimal,admitted,course,Umbrella concept for the secretary application.
O009-T0045,maximal process,proses maksimal,admitted,course,For the running supremum of a stochastic process.
O009-T0046,maximal inequality,pertidaksamaan maksimal,admitted,course,Use with the relevant attribution or norm when needed.
O009-T0047,Doob Lp maximal inequality,pertidaksamaan maksimal Lp Doob,provisional,course,Keep the exponent in mathematical notation in reader prose.
O009-T0048,upcrossing,lintas-naik,admitted,course,Use consistently for alternating crossings from at most a to at least b.
O009-T0049,upcrossing inequality,pertidaksamaan lintas-naik,admitted,course,Doob's oscillation bound for submartingales or supermartingales.
O009-T0050,bold play,permainan berani,provisional,course,Retain the English term in parentheses on first occurrence in the gambling application.
O009-T0051,martingale convergence theorem,teorema konvergensi martingal,admitted,course,Qualify first/second theorem where the source distinguishes them.
O009-T0052,uniform integrability,keterintegralan seragam,admitted,course,Use peubah terintegralkan seragam for the adjectival form.
O009-T0053,beta-Bernoulli process,proses beta–Bernoulli,admitted,course,Preserve the named compound process.
O009-T0054,Pólya urn process,proses urna Pólya,admitted,course,Distinguish sample draw proportion from urn composition.
O009-T0055,likelihood-ratio martingale,martingal rasio kemungkinan,admitted,course,Matches uji rasio kemungkinan in the statistical application.
O009-T0056,partial-product process,proses hasil kali parsial,admitted,course,Place indexed normalizers inside the product.
O009-T0057,Radon-Nikodym derivative,turunan Radon–Nikodym,admitted,course,Also describe as fungsi kepadatan when appropriate.
O009-T0058,total variation,variasi total,admitted,course,Distinguish ambient variation from the variation of a restricted signed measure.
O009-T0059,mutually singular measures,ukuran saling singular,admitted,course,For a signed measure interpret singularity through its total variation.
O009-T0060,backwards martingale,martingal mundur,admitted,course,Use martingal terbalik as a parenthetical synonym at first definition only.
O009-T0061,decreasing family of sigma-algebras,keluarga aljabar-σ menurun,admitted,course,Distinguish this reverse filtration from an ordinary increasing filtration.
O009-T0062,backwards martingale convergence theorem,teorema konvergensi martingal mundur,admitted,course,The built reader states the theorem for discrete time; continuous time needs an additional path-regularity hypothesis.
O009-T0063,strong law of large numbers,hukum kuat bilangan besar,admitted,course,O006/C140 owns the shared sampling source surface; this lane retains only the disjoint reverse-martingale application.
O009-T0064,exchangeable sequence,barisan dapat dipertukarkan,admitted,course,Use dapat dipertukarkan rather than a literal mechanical calque.
O009-T0065,conditionally independent and identically distributed,independen dan berdistribusi identik secara bersyarat,admitted,course,
O009-T0066,de Finetti theorem,teorema de Finetti,admitted,course,The unrestricted general-space statement requires a standard-Borel-type hypothesis.
O009-T0067,mixture of product measures,campuran ukuran produk,admitted,course,
O009-T0068,hypergeometric model,model hipergeometrik,admitted,course,
O009-T0069,Markov process,proses Markov,admitted,course,Use proses for the indexed random family and rantai only for discrete-time chains.
O009-T0070,transition kernel,kernel transisi,admitted,course,Keep the all-state kernel distinct from a conditional law defined only almost everywhere.
O009-T0071,transition semigroup,semigrup transisi,admitted,course,
O009-T0072,Feller process,proses Feller,admitted,course,Use the C0-preserving semigroup definition and state continuity at time zero.
O009-T0073,strong Markov property,sifat Markov kuat,admitted,course,State the path and filtration hypotheses required in continuous time.
O009-T0074,Chapman-Kolmogorov equation,persamaan Chapman–Kolmogorov,admitted,course,
O009-T0075,stationary independent increments,inkremen stasioner dan independen,admitted,course,Keep additive-state and continuity hypotheses explicit.
O009-T0076,Lévy process,proses Lévy,admitted,course,Reserve for continuous time with stochastic continuity and the standard initial-state convention.
O009-T0077,gambler's ruin,kebangkrutan penjudi,admitted,lab,Absorbing-chain example with exact harmonic comparison.
